departement,salaire_moyen,salaire_total
Finance,3633.3333333333335,10900
HR,3850.0,15400
IT,3333.3333333333335,10000
